Citation,Location,Vector_Species,Temperature_C,Virus_Genotype,Days_Post_Infection,Virus_Received_From,Receiving_Dose,Log_Dose,Receiving_Host,Sample_Size,Percent_Infected,Number_Infected,Percent_Transmitting_Mean,Adjusted_Percent_Transmitted_Mean,Number_Transmitting_Mean,Titer
Anderson et al 2012,"Stratford, CT",Culex tarsalis,26,B,5,Hamster Blood,245000000,8.38916608436453,Mouse,19,,,0.16,0.16,3,
Anderson et al 2012,"Stratford, CT",Culex tarsalis,26,B,6,Hamster Blood,245000000,8.38916608436453,Mouse,27,,,0.149,0.149,4,
Anderson et al 2012,"Stratford, CT",Culex tarsalis,26,B,7,Hamster Blood,245000000,8.38916608436453,Mouse,19,,,0.259,0.259,5,
Anderson et al 2012,"Stratford, CT",Culex tarsalis,26,B,8,Hamster Blood,245000000,8.38916608436453,Mouse,16,,,0.312,0.312,5,
Anderson et al 2012,"Stratford, CT",Culex tarsalis,26,B,9,Hamster Blood,245000000,8.38916608436453,Mouse,14,,,0.542,0.542,8,
Anderson et al 2012,"Stratford, CT",Culex tarsalis,26,B,10,Hamster Blood,245000000,8.38916608436453,Mouse,13,,,0.462,0.462,6,
Anderson et al 2012,"Stratford, CT",Culex tarsalis,26,B,11,Hamster Blood,245000000,8.38916608436453,Mouse,15,,,0.673,0.673,10,
Anderson et al 2012,"Stratford, CT",Culex tarsalis,26,B,12,Hamster Blood,245000000,8.38916608436453,Mouse,13,,,0.853,0.853,11,
Anderson et al 2012,"Stratford, CT",Culex tarsalis,26,B,13,Hamster Blood,245000000,8.38916608436453,Mouse,18,,,0.893,0.893,16,
Anderson et al 2012,"Stratford, CT",Culex tarsalis,26,B,14,Hamster Blood,245000000,8.38916608436453,Mouse,16,,,0.752,0.752,12,
Anderson et al 2012,"Stratford, CT",Culex tarsalis,26,B,15,Hamster Blood,245000000,8.38916608436453,Mouse,16,,,0.881,0.881,14,
Anderson et al 2012,"Stratford, CT",Culex tarsalis,26,B,16,Hamster Blood,245000000,8.38916608436453,Mouse,16,,,0.881,0.881,14,
Anderson et al 2012,"Stratford, CT",Culex tarsalis,26,B,17,Hamster Blood,245000000,8.38916608436453,Mouse,11,,,0.823,0.823,9,
Anderson et al 2012,"Stratford, CT",Culex tarsalis,26,B,18,Hamster Blood,245000000,8.38916608436453,Mouse,20,,,0.951,0.951,19,
Anderson et al 2012,"Stratford, CT",Culex tarsalis,26,B,19,Hamster Blood,245000000,8.38916608436453,Mouse,12,,,1,1,12,
Anderson et al 2012,"Stratford, CT",Culex tarsalis,26,B,20,Hamster Blood,245000000,8.38916608436453,Mouse,17,,,0.771,0.771,13,
Anderson et al 2012,"Stratford, CT",Culex tarsalis,26,B,21,Hamster Blood,245000000,8.38916608436453,Mouse,5,,,0.798,0.798,4,
Anderson et al 2012,"Stratford, CT",Culex tarsalis,26,B,22,Hamster Blood,245000000,8.38916608436453,Mouse,5,,,1,1,5,
Anderson et al 2012,"Stratford, CT",Culex tarsalis,26,B,23,Hamster Blood,245000000,8.38916608436453,Mouse,5,,,0.999,0.999,5,
Anderson et al 2012,"Stratford, CT",Culex tarsalis,26,C,5,Hamster Blood,245000000,8.38916608436453,Mouse,23,,,0.041,0.041,1,
Anderson et al 2012,"Stratford, CT",Culex tarsalis,26,C,6,Hamster Blood,245000000,8.38916608436453,Mouse,24,,,0.131,0.131,3,
Anderson et al 2012,"Stratford, CT",Culex tarsalis,26,C,7,Hamster Blood,245000000,8.38916608436453,Mouse,22,,,0.362,0.362,8,
Anderson et al 2012,"Stratford, CT",Culex tarsalis,26,C,8,Hamster Blood,245000000,8.38916608436453,Mouse,24,,,0.461,0.461,11,
Anderson et al 2012,"Stratford, CT",Culex tarsalis,26,C,9,Hamster Blood,245000000,8.38916608436453,Mouse,21,,,0.572,0.572,12,
Anderson et al 2012,"Stratford, CT",Culex tarsalis,26,C,10,Hamster Blood,245000000,8.38916608436453,Mouse,11,,,0.643,0.643,7,
Anderson et al 2012,"Stratford, CT",Culex tarsalis,26,C,11,Hamster Blood,245000000,8.38916608436453,Mouse,15,,,0.93,0.93,14,
Anderson et al 2012,"Stratford, CT",Culex tarsalis,26,C,12,Hamster Blood,245000000,8.38916608436453,Mouse,18,,,0.831,0.831,14,
Anderson et al 2012,"Stratford, CT",Culex tarsalis,26,C,13,Hamster Blood,245000000,8.38916608436453,Mouse,16,,,0.752,0.752,12,
Anderson et al 2012,"Stratford, CT",Culex tarsalis,26,C,14,Hamster Blood,245000000,8.38916608436453,Mouse,20,,,0.953,0.953,19,
Anderson et al 2012,"Stratford, CT",Culex tarsalis,26,C,15,Hamster Blood,245000000,8.38916608436453,Mouse,15,,,0.868,0.868,13,
Anderson et al 2012,"Stratford, CT",Culex tarsalis,26,C,16,Hamster Blood,245000000,8.38916608436453,Mouse,8,,,1,1,8,
Anderson et al 2012,"Stratford, CT",Culex tarsalis,26,C,17,Hamster Blood,245000000,8.38916608436453,Mouse,29,,,0.932,0.932,27,
Anderson et al 2012,"Stratford, CT",Culex tarsalis,26,C,18,Hamster Blood,245000000,8.38916608436453,Mouse,16,,,0.999,0.999,15,
Anderson et al 2012,"Stratford, CT",Culex tarsalis,26,C,19,Hamster Blood,245000000,8.38916608436453,Mouse,15,,,0.931,0.931,14,
Anderson et al 2012,"Stratford, CT",Culex tarsalis,26,C,20,Hamster Blood,245000000,8.38916608436453,Mouse,17,,,0.822,0.822,14,
Anderson et al 2012,"Stratford, CT",Culex tarsalis,26,C,21,Hamster Blood,245000000,8.38916608436453,Mouse,5,,,0.999,0.999,5,
Anderson et al 2012,"Stratford, CT",Culex tarsalis,26,C,22,Hamster Blood,245000000,8.38916608436453,Mouse,5,,,0.999,0.999,5,
Anderson et al 2012,"Stratford, CT",Culex tarsalis,26,C,23,Hamster Blood,245000000,8.38916608436453,Mouse,5,,,0.711,0.711,4,
Dohm et al 2002,"Westchester, NY",Culex pipiens,18,B,6,Chicken Blood,6309573.44480193,6.8,Vero cells,6,,,0,,,1.287
Dohm et al 2002,"Westchester, NY",Culex pipiens,18,B,12,Chicken Blood,6309573.44480193,6.8,Vero cells,5,,,0,,,2.078
Dohm et al 2002,"Westchester, NY",Culex pipiens,18,B,14,Chicken Blood,6309573.44480193,6.8,Vero cells,6,0.67,4,0,,,2.002
Dohm et al 2002,"Westchester, NY",Culex pipiens,18,B,19,Chicken Blood,6309573.44480193,6.8,Vero cells,6,,,0,,,2.584
Dohm et al 2002,"Westchester, NY",Culex pipiens,18,B,21,Chicken Blood,6309573.44480193,6.8,Vero cells,6,,,0,,,2.789
Dohm et al 2002,"Westchester, NY",Culex pipiens,18,B,25,Chicken Blood,6309573.44480193,6.8,Vero cells,7,,,0.1233,,,3.185
Dohm et al 2002,"Westchester, NY",Culex pipiens,18,B,28,Chicken Blood,6309573.44480193,6.8,Vero cells,7,,,0.2601,,,3.683
Dohm et al 2002,"Westchester, NY",Culex pipiens,18,B,32,Chicken Blood,6309573.44480193,6.8,Vero cells,7,,,0.3816,,,3.376
Dohm et al 2002,"Westchester, NY",Culex pipiens,20,B,4,Chicken Blood,6309573.44480193,6.8,Vero cells,6,,,0,,,2.16
Dohm et al 2002,"Westchester, NY",Culex pipiens,20,B,6,Chicken Blood,6309573.44480193,6.8,Vero cells,6,,,0,,,1.594
Dohm et al 2002,"Westchester, NY",Culex pipiens,20,B,8,Chicken Blood,6309573.44480193,6.8,Vero cells,8,,,0,,,1.687
Dohm et al 2002,"Westchester, NY",Culex pipiens,20,B,11,Chicken Blood,6309573.44480193,6.8,Vero cells,6,,,0,,,3.16
Dohm et al 2002,"Westchester, NY",Culex pipiens,20,B,14,Chicken Blood,6309573.44480193,6.8,Vero cells,7,1,7,0.3789,,,3.872
Dohm et al 2002,"Westchester, NY",Culex pipiens,20,B,18,Chicken Blood,6309573.44480193,6.8,Vero cells,8,,,0.2205,,,3.986
Dohm et al 2002,"Westchester, NY",Culex pipiens,20,B,21,Chicken Blood,6309573.44480193,6.8,Vero cells,7,,,0.3816,,,4.561
Dohm et al 2002,"Westchester, NY",Culex pipiens,26,B,4,Chicken Blood,6309573.44480193,6.8,Vero cells,6,,,0,,,2.526
Dohm et al 2002,"Westchester, NY",Culex pipiens,26,B,6,Chicken Blood,6309573.44480193,6.8,Vero cells,12,,,0.1521,,,3.322
Dohm et al 2002,"Westchester, NY",Culex pipiens,26,B,8,Chicken Blood,6309573.44480193,6.8,Vero cells,8,,,0,,,3.322
Dohm et al 2002,"Westchester, NY",Culex pipiens,26,B,11,Chicken Blood,6309573.44480193,6.8,Vero cells,6,,,0.2997,,,5.019
Dohm et al 2002,"Westchester, NY",Culex pipiens,26,B,12,Chicken Blood,6309573.44480193,6.8,Vero cells,5,,,0.5355,,,5.315
Dohm et al 2002,"Westchester, NY",Culex pipiens,26,B,14,Chicken Blood,6309573.44480193,6.8,Vero cells,14,0.93,13,0.324,,,4.01
Dohm et al 2002,"Westchester, NY",Culex pipiens,26,B,18,Chicken Blood,6309573.44480193,6.8,Vero cells,13,,,0.6957,,,5.593
Dohm et al 2002,"Westchester, NY",Culex pipiens,26,B,21,Chicken Blood,6309573.44480193,6.8,Vero cells,13,,,0.7641,,,5.92
Dohm et al 2002,"Westchester, NY",Culex pipiens,26,B,25,Chicken Blood,6309573.44480193,6.8,Vero cells,7,,,0.8982,,,6.494
Dohm et al 2002,"Westchester, NY",Culex pipiens,26,B,28,Chicken Blood,6309573.44480193,6.8,Vero cells,7,,,0.8982,,,6.402
Dohm et al 2002,"Westchester, NY",Culex pipiens,26,B,32,Chicken Blood,6309573.44480193,6.8,Vero cells,7,,,0.6381,,,4.909
Dohm et al 2002,"Westchester, NY",Culex pipiens,30,B,4,Chicken Blood,6309573.44480193,6.8,Vero cells,5,,,0.1818,,,4.805
Dohm et al 2002,"Westchester, NY",Culex pipiens,30,B,6,Chicken Blood,6309573.44480193,6.8,Vero cells,6,,,0.7506,,,5.402
Dohm et al 2002,"Westchester, NY",Culex pipiens,30,B,8,Chicken Blood,6309573.44480193,6.8,Vero cells,8,,,0.558,,,6.113
Dohm et al 2002,"Westchester, NY",Culex pipiens,30,B,12,Chicken Blood,6309573.44480193,6.8,Vero cells,8,,,0.9,,,6.314
Dohm et al 2002,"Westchester, NY",Culex pipiens,30,B,14,Chicken Blood,6309573.44480193,6.8,Vero cells,8,0.88,7,0.792,,,5.601
Dohm et al 2002,"Westchester, NY",Culex pipiens,30,B,18,Chicken Blood,6309573.44480193,6.8,Vero cells,6,,,0.9,,,6.51
Dohm et al 2002,"Westchester, NY",Culex pipiens,30,B,21,Chicken Blood,6309573.44480193,6.8,Vero cells,2,,,0.9,,,6.295
Kilpatrick et al 2008,Pennsylvania,Culex pipiens,32,B,0.5,Goose Blood,130000000,8.11394335230684,Vero cells,25,1,25,0,0,0,
Kilpatrick et al 2008,Pennsylvania,Culex pipiens,32,B,1,Goose Blood,130000000,8.11394335230684,Vero cells,25,1,25,0.001,0.001,0,
Kilpatrick et al 2008,Pennsylvania,Culex pipiens,32,B,1.5,Goose Blood,130000000,8.11394335230684,Vero cells,25,0.916,23,0.001,0.00109170305676856,0,
Kilpatrick et al 2008,Pennsylvania,Culex pipiens,32,B,2,Goose Blood,130000000,8.11394335230684,Vero cells,25,0.916,23,0.001,0.00109170305676856,0,
Kilpatrick et al 2008,Pennsylvania,Culex pipiens,32,B,2.5,Goose Blood,130000000,8.11394335230684,Vero cells,25,0.959,24,0.001,0.00104275286757039,0,
Kilpatrick et al 2008,Pennsylvania,Culex pipiens,32,B,3,Goose Blood,130000000,8.11394335230684,Vero cells,25,1,25,0.04,0.04,1,
Kilpatrick et al 2008,Pennsylvania,Culex pipiens,32,B,4,Goose Blood,130000000,8.11394335230684,Vero cells,25,1,25,0.041,0.041,1,
Kilpatrick et al 2008,Pennsylvania,Culex pipiens,32,B,6,Goose Blood,130000000,8.11394335230684,Vero cells,25,1,25,0.242,0.242,6,
Kilpatrick et al 2008,Pennsylvania,Culex pipiens,32,B,8,Goose Blood,130000000,8.11394335230684,Vero cells,25,0.958,24,0.161,0.168058455114823,4,
Kilpatrick et al 2008,Pennsylvania,Culex pipiens,32,B,10,Goose Blood,130000000,8.11394335230684,Vero cells,25,0.999,25,0.441,0.441441441441441,11,
Kilpatrick et al 2008,Pennsylvania,Culex pipiens,32,B,14,Goose Blood,130000000,8.11394335230684,Vero cells,25,1,25,,,,
Kilpatrick et al 2008,Pennsylvania,Culex pipiens,32,C,0.5,Goose Blood,130000000,8.11394335230684,Vero cells,25,0.919,23,0.041,0.044613710554951,1,
Kilpatrick et al 2008,Pennsylvania,Culex pipiens,32,C,1,Goose Blood,130000000,8.11394335230684,Vero cells,25,0.878,22,0,0,0,
Kilpatrick et al 2008,Pennsylvania,Culex pipiens,32,C,1.5,Goose Blood,130000000,8.11394335230684,Vero cells,25,0.961,24,0.08,0.0832466181061394,2,
Kilpatrick et al 2008,Pennsylvania,Culex pipiens,32,C,2,Goose Blood,130000000,8.11394335230684,Vero cells,25,0.958,24,0.002,0.00208768267223382,0,
Kilpatrick et al 2008,Pennsylvania,Culex pipiens,32,C,2.5,Goose Blood,130000000,8.11394335230684,Vero cells,25,1,25,0.041,0.041,1,
Kilpatrick et al 2008,Pennsylvania,Culex pipiens,32,C,3,Goose Blood,130000000,8.11394335230684,Vero cells,25,0.88,22,0.242,0.275,7,
Kilpatrick et al 2008,Pennsylvania,Culex pipiens,32,C,4,Goose Blood,130000000,8.11394335230684,Vero cells,25,1,25,,,,
Kilpatrick et al 2008,Pennsylvania,Culex pipiens,32,C,6,Goose Blood,130000000,8.11394335230684,Vero cells,25,0.918,23,0.282,0.30718954248366,8,
Kilpatrick et al 2008,Pennsylvania,Culex pipiens,32,C,7,Goose Blood,130000000,8.11394335230684,Vero cells,25,0.96,24,0.28,0.292,7,
Kilpatrick et al 2008,Pennsylvania,Culex pipiens,32,C,10,Goose Blood,130000000,8.11394335230684,Vero cells,25,0.917,23,0.481,0.52453653217012,13,
Kilpatrick et al 2008,Pennsylvania,Culex pipiens,32,C,14,Goose Blood,130000000,8.11394335230684,Vero cells,25,1,25,,,,
Kilpatrick et al 2008,Pennsylvania,Culex pipiens,22,B,4,Goose Blood,130000000,8.11394335230684,Vero cells,25,0.442,11,0,0,0,
Kilpatrick et al 2008,Pennsylvania,Culex pipiens,22,B,7,Goose Blood,130000000,8.11394335230684,Vero cells,25,0.681,17,0.041,0.0602055800293686,2,
Kilpatrick et al 2008,Pennsylvania,Culex pipiens,22,B,10,Goose Blood,130000000,8.11394335230684,Vero cells,25,0.958,24,0.04,0.0417536534446764,1,
Kilpatrick et al 2008,Pennsylvania,Culex pipiens,22,B,14,Goose Blood,130000000,8.11394335230684,Vero cells,25,0.718,18,0.04,0.0557103064066852,1,
Kilpatrick et al 2008,Pennsylvania,Culex pipiens,22,B,18,Goose Blood,130000000,8.11394335230684,Vero cells,25,0.759,19,0.081,0.106719367588933,3,
Kilpatrick et al 2008,Pennsylvania,Culex pipiens,22,B,21,Goose Blood,130000000,8.11394335230684,Vero cells,25,0.721,18,0.04,0.0554785020804438,1,
Kilpatrick et al 2008,Pennsylvania,Culex pipiens,22,B,24,Goose Blood,130000000,8.11394335230684,Vero cells,25,0.921,23,0.081,0.0879478827361563,2,
Kilpatrick et al 2008,Pennsylvania,Culex pipiens,22,B,28,Goose Blood,130000000,8.11394335230684,Vero cells,25,0.799,20,0.08,0.100125156445557,3,
Kilpatrick et al 2008,Pennsylvania,Culex pipiens,22,B,31,Goose Blood,130000000,8.11394335230684,Vero cells,25,0.76,19,0.239,0.314473684210526,8,
Kilpatrick et al 2008,Pennsylvania,Culex pipiens,22,B,34,Goose Blood,130000000,8.11394335230684,Vero cells,25,0.839,21,0.199,0.237187127532777,6,
Kilpatrick et al 2008,Pennsylvania,Culex pipiens,22,B,40,Goose Blood,130000000,8.11394335230684,Vero cells,25,0.661,17,,,,
Kilpatrick et al 2008,Pennsylvania,Culex pipiens,22,C,4,Goose Blood,130000000,8.11394335230684,Vero cells,25,0.558,14,0,0,0,
Kilpatrick et al 2008,Pennsylvania,Culex pipiens,22,C,7,Goose Blood,130000000,8.11394335230684,Vero cells,25,0.797,20,0,0,0,
Kilpatrick et al 2008,Pennsylvania,Culex pipiens,22,C,10,Goose Blood,130000000,8.11394335230684,Vero cells,25,0.797,20,0,0,0,
Kilpatrick et al 2008,Pennsylvania,Culex pipiens,22,C,14,Goose Blood,130000000,8.11394335230684,Vero cells,25,0.678,17,0.039,0.0575221238938053,1,
Kilpatrick et al 2008,Pennsylvania,Culex pipiens,22,C,18,Goose Blood,130000000,8.11394335230684,Vero cells,25,0.761,19,0.08,0.105124835742444,3,
Kilpatrick et al 2008,Pennsylvania,Culex pipiens,22,C,21,Goose Blood,130000000,8.11394335230684,Vero cells,25,0.801,20,0.079,0.0986267166042447,2,
Kilpatrick et al 2008,Pennsylvania,Culex pipiens,22,C,24,Goose Blood,130000000,8.11394335230684,Vero cells,25,0.679,17,0.279,0.410898379970545,10,
Kilpatrick et al 2008,Pennsylvania,Culex pipiens,22,C,28,Goose Blood,130000000,8.11394335230684,Vero cells,25,0.96,24,0.518,0.539583333333333,13,
Kilpatrick et al 2008,Pennsylvania,Culex pipiens,22,C,31,Goose Blood,130000000,8.11394335230684,Vero cells,25,0.639,16,0.319,0.499217527386541,12,
Kilpatrick et al 2008,Pennsylvania,Culex pipiens,22,C,34,Goose Blood,130000000,8.11394335230684,Vero cells,25,0.797,20,0.519,0.651191969887077,16,
Kilpatrick et al 2008,Pennsylvania,Culex pipiens,22,C,40,Goose Blood,130000000,8.11394335230684,Vero cells,25,0.529,13,,0,0,
Moudy et al 2007,Pennsylvania,Culex pipiens,27,B,1,Goose Blood,10000000,7,Vero cells,25,,,,,,1.55
Moudy et al 2007,Pennsylvania,Culex pipiens,27,B,2,Goose Blood,10000000,7,Vero cells,25,,,,,,2.951
Moudy et al 2007,Pennsylvania,Culex pipiens,27,B,3,Goose Blood,10000000,7,Vero cells,25,,,,,,4.482
Moudy et al 2007,Pennsylvania,Culex pipiens,27,B,4,Goose Blood,10000000,7,Vero cells,25,,,,,,4.613
Moudy et al 2007,Pennsylvania,Culex pipiens,27,B,5,Goose Blood,10000000,7,Vero cells,25,,,,,,4.586
Moudy et al 2007,Pennsylvania,Culex pipiens,27,B,7,Goose Blood,10000000,7,Vero cells,25,,,,,,5.773
Moudy et al 2007,Pennsylvania,Culex pipiens,27,B,9,Goose Blood,10000000,7,Vero cells,25,,,,,,6.823
Moudy et al 2007,Pennsylvania,Culex pipiens,27,B,14,Goose Blood,10000000,7,Vero cells,25,,,,,,6.85
Moudy et al 2007,Pennsylvania,Culex pipiens,27,C,1,Goose Blood,10000000,7,Vero cells,25,,,,,,1.791
Moudy et al 2007,Pennsylvania,Culex pipiens,27,C,2,Goose Blood,10000000,7,Vero cells,25,,,,,,3.795
Moudy et al 2007,Pennsylvania,Culex pipiens,27,C,3,Goose Blood,10000000,7,Vero cells,25,,,,,,5.09
Moudy et al 2007,Pennsylvania,Culex pipiens,27,C,4,Goose Blood,10000000,7,Vero cells,25,,,,,,5.491
Moudy et al 2007,Pennsylvania,Culex pipiens,27,C,5,Goose Blood,10000000,7,Vero cells,25,,,,,,5.829
Moudy et al 2007,Pennsylvania,Culex pipiens,27,C,7,Goose Blood,10000000,7,Vero cells,25,,,,,,6.557
Moudy et al 2007,Pennsylvania,Culex pipiens,27,C,9,Goose Blood,10000000,7,Vero cells,25,,,,,,7.609
Moudy et al 2007,Pennsylvania,Culex pipiens,27,C,14,Goose Blood,10000000,7,Vero cells,25,,,,,,7.753
Danforth et al 2015,"Kern County, CA",Culex tarsalis,22,B,10,Sheep Blood,1071519305.2376,9.03,Vero cells,16,,,0.13,0.13,2,
Danforth et al 2015,"Kern County, CA",Culex tarsalis,22,B,12,Sheep Blood,1071519305.2376,9.03,Vero cells,19,,,0.11,0.11,2,
Danforth et al 2015,"Kern County, CA",Culex tarsalis,22,B,14,Sheep Blood,1071519305.2376,9.03,Vero cells,5,1,5,0,0,0,
Danforth et al 2015,"Kern County, CA",Culex tarsalis,22,B,16,Sheep Blood,1071519305.2376,9.03,Vero cells,15,,,0.6,0.6,9,
Danforth et al 2015,"Kern County, CA",Culex tarsalis,22,B,18,Sheep Blood,1071519305.2376,9.03,Vero cells,14,,,0.43,0.43,6,
Danforth et al 2015,"Kern County, CA",Culex tarsalis,22,C,10,Sheep Blood,1047128548.0509,9.02,Vero cells,14,,,0.07,0.07,1,
Danforth et al 2015,"Kern County, CA",Culex tarsalis,22,C,12,Sheep Blood,1047128548.0509,9.02,Vero cells,19,,,0.12,0.12,2,
Danforth et al 2015,"Kern County, CA",Culex tarsalis,22,C,14,Sheep Blood,1047128548.0509,9.02,Vero cells,19,1,19,0.32,0.32,6,
Danforth et al 2015,"Kern County, CA",Culex tarsalis,22,C,16,Sheep Blood,1047128548.0509,9.02,Vero cells,20,,,0.45,0.45,9,
Danforth et al 2015,"Kern County, CA",Culex tarsalis,22,C,18,Sheep Blood,1047128548.0509,9.02,Vero cells,20,,,0.6,0.6,12,
Danforth et al 2015,"Kern County, CA",Culex tarsalis,22,C,10,Sheep Blood,1000000000,9,Vero cells,14,,,0.15,0.15,2,
Danforth et al 2015,"Kern County, CA",Culex tarsalis,22,C,12,Sheep Blood,1000000000,9,Vero cells,16,,,0.06,0.06,1,
Danforth et al 2015,"Kern County, CA",Culex tarsalis,22,C,14,Sheep Blood,1000000000,9,Vero cells,18,1,18,0.28,0.28,5,
Danforth et al 2015,"Kern County, CA",Culex tarsalis,22,C,16,Sheep Blood,1000000000,9,Vero cells,17,,,0.41,0.41,7,
Danforth et al 2015,"Kern County, CA",Culex tarsalis,22,C,18,Sheep Blood,1000000000,9,Vero cells,20,,,0.4,0.4,8,
Danforth et al 2015,"Kern County, CA",Culex tarsalis,30,B,2,Sheep Blood,1071519305.2376,9.03,Vero cells,21,,,0,0,0,
Danforth et al 2015,"Kern County, CA",Culex tarsalis,30,B,5,Sheep Blood,1071519305.2376,9.03,Vero cells,19,,,0.05,0.05,1,
Danforth et al 2015,"Kern County, CA",Culex tarsalis,30,B,5,Sheep Blood,1071519305.2376,9.03,Vero cells,,,,,,,
Danforth et al 2015,"Kern County, CA",Culex tarsalis,30,B,8,Sheep Blood,1071519305.2376,9.03,Vero cells,20,,,0.65,0.65,13,
Danforth et al 2015,"Kern County, CA",Culex tarsalis,30,B,10,Sheep Blood,1071519305.2376,9.03,Vero cells,16,,,1,1,16,
Danforth et al 2015,"Kern County, CA",Culex tarsalis,30,C,2,Sheep Blood,1047128548.0509,9.02,Vero cells,25,,,0,0,0,
Danforth et al 2015,"Kern County, CA",Culex tarsalis,30,C,4,Sheep Blood,1047128548.0509,9.02,Vero cells,22,,,0.38,0.38,8,
Danforth et al 2015,"Kern County, CA",Culex tarsalis,30,C,6,Sheep Blood,1047128548.0509,9.02,Vero cells,23,,,0.22,0.22,5,
Danforth et al 2015,"Kern County, CA",Culex tarsalis,30,C,8,Sheep Blood,1047128548.0509,9.02,Vero cells,21,,,0.57,0.57,12,
Danforth et al 2015,"Kern County, CA",Culex tarsalis,30,C,10,Sheep Blood,1047128548.0509,9.02,Vero cells,20,,,0.65,0.65,13,
Danforth et al 2015,"Kern County, CA",Culex tarsalis,30,C,2,Sheep Blood,1000000000,9,Vero cells,21,,,0,0,0,
Danforth et al 2015,"Kern County, CA",Culex tarsalis,30,C,5,Sheep Blood,1000000000,9,Vero cells,25,,,0.18,0.18,5,
Danforth et al 2015,"Kern County, CA",Culex tarsalis,30,C,5,Sheep Blood,1000000000,9,Vero cells,,,,,,,
Danforth et al 2015,"Kern County, CA",Culex tarsalis,30,C,8,Sheep Blood,1000000000,9,Vero cells,21,,,0.48,0.48,10,
Danforth et al 2015,"Kern County, CA",Culex tarsalis,30,C,10,Sheep Blood,1000000000,9,Vero cells,20,,,0.6,0.6,12,
Johnson et al 2003,"Vero Beach, Florida",Culex quinquefasciatus,27,B,2,Sheep Blood,15848931.9246111,7.2,Vero cells,3,,,,,,6.5
Johnson et al 2003,"Vero Beach, Florida",Culex quinquefasciatus,27,B,4,Sheep Blood,15848931.9246111,7.2,Vero cells,3,,,,,,6.915
Johnson et al 2003,"Vero Beach, Florida",Culex quinquefasciatus,27,B,6,Sheep Blood,15848931.9246111,7.2,Vero cells,3,,,,,,7.276
Johnson et al 2003,"Vero Beach, Florida",Culex quinquefasciatus,27,B,8,Sheep Blood,15848931.9246111,7.2,Vero cells,3,,,,,,7.317
Johnson et al 2003,"Vero Beach, Florida",Culex quinquefasciatus,27,B,10,Sheep Blood,15848931.9246111,7.2,Vero cells,3,,,,,,7.232
Johnson et al 2003,"Fort Collins, Colorado",Culex tritaeniorhynchus,27,B,2,Sheep Blood,15848931.9246111,7.2,Vero cells,3,,,,,,4.717
Johnson et al 2003,"Fort Collins, Colorado",Culex tritaeniorhynchus,27,B,4,Sheep Blood,15848931.9246111,7.2,Vero cells,3,,,,,,5.616
Johnson et al 2003,"Fort Collins, Colorado",Culex tritaeniorhynchus,27,B,6,Sheep Blood,15848931.9246111,7.2,Vero cells,3,,,,,,6.476
Johnson et al 2003,"Fort Collins, Colorado",Culex tritaeniorhynchus,27,B,8,Sheep Blood,15848931.9246111,7.2,Vero cells,3,,,,,,6.635
Johnson et al 2003,"Fort Collins, Colorado",Culex tritaeniorhynchus,27,B,10,Sheep Blood,15848931.9246111,7.2,Vero cells,3,,,,,,6.74
Johnson et al 2003,"Vero Beach, Florida",Culex nigripalpus,27,B,2,Sheep Blood,15848931.9246111,7.2,Vero cells,3,,,,,,5.517
Johnson et al 2003,"Vero Beach, Florida",Culex nigripalpus,27,B,4,Sheep Blood,15848931.9246111,7.2,Vero cells,3,,,,,,5.948
Johnson et al 2003,"Vero Beach, Florida",Culex nigripalpus,27,B,6,Sheep Blood,15848931.9246111,7.2,Vero cells,3,,,,,,5.328
Johnson et al 2003,"Vero Beach, Florida",Culex nigripalpus,27,B,8,Sheep Blood,15848931.9246111,7.2,Vero cells,3,,,,,,5.823
Johnson et al 2003,"Vero Beach, Florida",Culex nigripalpus,27,B,10,Sheep Blood,15848931.9246111,7.2,Vero cells,3,,,,,,5.344
Moudy et al. 2009,"Coachella Valley, CA",Culex pipiens,27,B,1,Goose Blood,3000000000,9.47712125471966,Vero cells,10,,,,,,2.165
Moudy et al. 2009,"Coachella Valley, CA",Culex pipiens,27,B,2,Goose Blood,3000000000,9.47712125471966,Vero cells,10,,,,,,3.974
Moudy et al. 2009,"Coachella Valley, CA",Culex pipiens,27,B,3,Goose Blood,3000000000,9.47712125471966,Vero cells,10,,,,,,5.175
Moudy et al. 2009,"Coachella Valley, CA",Culex pipiens,27,B,4,Goose Blood,3000000000,9.47712125471966,Vero cells,10,,,,,,5.703
Moudy et al. 2009,"Coachella Valley, CA",Culex pipiens,27,B,5,Goose Blood,3000000000,9.47712125471966,Vero cells,10,,,,,,5.684
Moudy et al. 2009,"Coachella Valley, CA",Culex pipiens,27,B,6,Goose Blood,3000000000,9.47712125471966,Vero cells,10,,,,,,6.445
Moudy et al. 2009,"Coachella Valley, CA",Culex pipiens,27,B,7,Goose Blood,3000000000,9.47712125471966,Vero cells,10,,,,,,6.649
Moudy et al. 2009,"Coachella Valley, CA",Culex pipiens,27,B,8,Goose Blood,3000000000,9.47712125471966,Vero cells,10,,,,,,7.304
Moudy et al. 2009,"Coachella Valley, CA",Culex pipiens,27,B,9,Goose Blood,3000000000,9.47712125471966,Vero cells,10,,,,,,6.541
Moudy et al. 2009,"Coachella Valley, CA",Culex pipiens,27,B,10,Goose Blood,3000000000,9.47712125471966,Vero cells,10,,,,,,6.703
Moudy et al. 2009,"Coachella Valley, CA",Culex tarsalis,27,B,1,Goose Blood,3000000000,9.47712125471966,Vero cells,10,,,,,,3.227
Moudy et al. 2009,"Coachella Valley, CA",Culex tarsalis,27,B,2,Goose Blood,3000000000,9.47712125471966,Vero cells,10,,,,,,4.336
Moudy et al. 2009,"Coachella Valley, CA",Culex tarsalis,27,B,3,Goose Blood,3000000000,9.47712125471966,Vero cells,10,,,,,,5.046
Moudy et al. 2009,"Coachella Valley, CA",Culex tarsalis,27,B,4,Goose Blood,3000000000,9.47712125471966,Vero cells,10,,,,,,6.19
Moudy et al. 2009,"Coachella Valley, CA",Culex tarsalis,27,B,5,Goose Blood,3000000000,9.47712125471966,Vero cells,10,,,,,,6.408
Moudy et al. 2009,"Coachella Valley, CA",Culex tarsalis,27,B,6,Goose Blood,3000000000,9.47712125471966,Vero cells,10,,,,,,6.299
Moudy et al. 2009,"Coachella Valley, CA",Culex tarsalis,27,B,7,Goose Blood,3000000000,9.47712125471966,Vero cells,10,,,,,,6.545
Moudy et al. 2009,"Coachella Valley, CA",Culex tarsalis,27,B,8,Goose Blood,3000000000,9.47712125471966,Vero cells,10,,,,,,6.64
Moudy et al. 2009,"Coachella Valley, CA",Culex tarsalis,27,B,9,Goose Blood,3000000000,9.47712125471966,Vero cells,10,,,,,,6.693
Moudy et al. 2009,"Coachella Valley, CA",Culex tarsalis,27,B,10,Goose Blood,3000000000,9.47712125471966,Vero cells,10,,,,,,6.549
Reisen et al 2006,"Kern County, CA",Culex tarsalis,14,B,36,White-Crowned Sparrow,3162277.66016838,6.5,Vero cells,20,,,0.116,0.116,2,
Reisen et al 2006,"Kern County, CA",Culex tarsalis,18,B,22,White-Crowned Sparrow,3162277.66016838,6.5,Vero cells,20,,,0.053,0.053,1,
Reisen et al 2006,"Kern County, CA",Culex tarsalis,18,B,26,White-Crowned Sparrow,3162277.66016838,6.5,Vero cells,20,,,0.298,0.298,6,
Reisen et al 2006,"Kern County, CA",Culex tarsalis,18,B,29,White-Crowned Sparrow,3162277.66016838,6.5,Vero cells,20,,,0.45,0.45,9,
Reisen et al 2006,"Kern County, CA",Culex tarsalis,18,B,33,White-Crowned Sparrow,3162277.66016838,6.5,Vero cells,20,,,0.45,0.45,9,
Reisen et al 2006,"Kern County, CA",Culex tarsalis,22,B,14,White-Crowned Sparrow,3162277.66016838,6.5,Vero cells,20,,,0.247,0.247,5,
Reisen et al 2006,"Kern County, CA",Culex tarsalis,22,B,17,White-Crowned Sparrow,3162277.66016838,6.5,Vero cells,20,,,0.587,0.587,12,
Reisen et al 2006,"Kern County, CA",Culex tarsalis,22,B,19,White-Crowned Sparrow,3162277.66016838,6.5,Vero cells,20,,,0.807,0.807,16,
Reisen et al 2006,"Kern County, CA",Culex tarsalis,26,B,5,White-Crowned Sparrow,3162277.66016838,6.5,Vero cells,20,,,0.098,0.098,2,
Reisen et al 2006,"Kern County, CA",Culex tarsalis,26,B,7,White-Crowned Sparrow,3162277.66016838,6.5,Vero cells,20,,,0.149,0.149,3,
Reisen et al 2006,"Kern County, CA",Culex tarsalis,26,B,9,White-Crowned Sparrow,3162277.66016838,6.5,Vero cells,20,,,0.423,0.423,8,
Reisen et al 2006,"Kern County, CA",Culex tarsalis,26,B,12,White-Crowned Sparrow,3162277.66016838,6.5,Vero cells,20,,,0.79,0.79,16,
Reisen et al 2006,"Kern County, CA",Culex tarsalis,26,B,14,White-Crowned Sparrow,3162277.66016838,6.5,Vero cells,20,,,0.462,0.462,9,
Reisen et al 2006,"Kern County, CA",Culex tarsalis,26,B,16,White-Crowned Sparrow,3162277.66016838,6.5,Vero cells,20,,,0.93,0.93,19,
Reisen et al 2006,"Kern County, CA",Culex tarsalis,30,B,5,White-Crowned Sparrow,3162277.66016838,6.5,Vero cells,20,,,0.06,0.06,1,
Reisen et al 2006,"Kern County, CA",Culex tarsalis,30,B,7,White-Crowned Sparrow,3162277.66016838,6.5,Vero cells,20,,,0.6,0.6,12,
Reisen et al 2006,"Kern County, CA",Culex tarsalis,30,B,9,White-Crowned Sparrow,3162277.66016838,6.5,Vero cells,20,,,0.85,0.85,17,
Reisen et al 2006,"Kern County, CA",Culex tarsalis,30,B,12,White-Crowned Sparrow,3162277.66016838,6.5,Vero cells,20,,,0.753,0.753,15,
Reisen et al 2006,"Kern County, CA",Culex tarsalis,30,B,14,White-Crowned Sparrow,3162277.66016838,6.5,Vero cells,20,,,0.75,0.75,15,
Goenaga et al 2015,"Sebring, FL",Culex quinquefasciatus,28,B,3,Calf Blood,100000000,8,Vero cells,32,,,0.218,0.218,7,
Goenaga et al 2015,"Sebring, FL",Culex quinquefasciatus,28,B,5,Calf Blood,100000000,8,Vero cells,32,,,0.34,0.34,11,
Goenaga et al 2015,"Sebring, FL",Culex quinquefasciatus,28,B,7,Calf Blood,100000000,8,Vero cells,25,,,0.76,0.76,19,
Goenaga et al 2015,"Sebring, FL",Culex quinquefasciatus,28,B,9,Calf Blood,100000000,8,Vero cells,27,,,0.667,0.667,18,
Goenaga et al 2015,"Sebring, FL",Culex quinquefasciatus,28,B,3,Calf Blood,100000000,8,Vero cells,32,,,,,,6.5
Goenaga et al 2015,"Sebring, FL",Culex quinquefasciatus,28,B,5,Calf Blood,100000000,8,Vero cells,32,,,,,,6.4
Goenaga et al 2015,"Sebring, FL",Culex quinquefasciatus,28,B,7,Calf Blood,100000000,8,Vero cells,25,,,,,,6.2
Goenaga et al 2015,"Sebring, FL",Culex quinquefasciatus,28,B,9,Calf Blood,100000000,8,Vero cells,27,,,,,,6.2
Anderson et al 2012,"Stratford, CT",Culex tarsalis,26,B,6,Hamster Blood,245000000,8.38916608436453,Mouse,22,,,0.051,0.051,1,
Anderson et al 2012,"Stratford, CT",Culex tarsalis,26,B,7,Hamster Blood,245000000,8.38916608436453,Mouse,17,,,0.179,0.179,3,
Anderson et al 2012,"Stratford, CT",Culex tarsalis,26,B,8,Hamster Blood,245000000,8.38916608436453,Mouse,25,,,0.441,0.441,11,
Anderson et al 2012,"Stratford, CT",Culex tarsalis,26,B,9,Hamster Blood,245000000,8.38916608436453,Mouse,15,,,0.673,0.673,10,
Anderson et al 2012,"Stratford, CT",Culex tarsalis,26,B,10,Hamster Blood,245000000,8.38916608436453,Mouse,18,,,0.722,0.722,13,
Anderson et al 2012,"Stratford, CT",Culex tarsalis,26,B,11,Hamster Blood,245000000,8.38916608436453,Mouse,7,,,1,1,7,
Anderson et al 2012,"Stratford, CT",Culex tarsalis,26,B,12,Hamster Blood,245000000,8.38916608436453,Mouse,21,,,0.911,0.911,19,
Anderson et al 2012,"Stratford, CT",Culex tarsalis,26,B,13,Hamster Blood,245000000,8.38916608436453,Mouse,15,,,1,1,15,
Anderson et al 2012,"Stratford, CT",Culex tarsalis,26,B,14,Hamster Blood,245000000,8.38916608436453,Mouse,19,,,0.632,0.632,12,
Anderson et al 2012,"Stratford, CT",Culex tarsalis,26,B,15,Hamster Blood,245000000,8.38916608436453,Mouse,13,,,1,1,13,
Anderson et al 2012,"Stratford, CT",Culex tarsalis,26,B,16,Hamster Blood,245000000,8.38916608436453,Mouse,16,,,1,1,16,
Anderson et al 2012,"Stratford, CT",Culex tarsalis,26,B,17,Hamster Blood,245000000,8.38916608436453,Mouse,17,,,1,1,17,
Anderson et al 2012,"Stratford, CT",Culex tarsalis,26,B,18,Hamster Blood,245000000,8.38916608436453,Mouse,22,,,0.95,0.95,21,
Anderson et al 2012,"Stratford, CT",Culex tarsalis,26,B,19,Hamster Blood,245000000,8.38916608436453,Mouse,13,,,0.769,0.769,10,
Anderson et al 2012,"Stratford, CT",Culex tarsalis,26,B,20,Hamster Blood,245000000,8.38916608436453,Mouse,20,,,1,1,20,
Anderson et al 2012,"Stratford, CT",Culex tarsalis,26,B,21,Hamster Blood,245000000,8.38916608436453,Mouse,8,,,1,1,8,
Anderson et al 2012,"Stratford, CT",Culex tarsalis,26,B,22,Hamster Blood,245000000,8.38916608436453,Mouse,14,,,0.794,0.794,11,
Anderson et al 2012,"Stratford, CT",Culex tarsalis,26,B,23,Hamster Blood,245000000,8.38916608436453,Mouse,12,,,0.831,0.831,10,
Anderson et al 2012,"Stratford, CT",Culex tarsalis,26,B,24,Hamster Blood,245000000,8.38916608436453,Mouse,14,,,0.932,0.932,13,
Anderson et al 2012,"Stratford, CT",Culex tarsalis,26,B,25,Hamster Blood,245000000,8.38916608436453,Mouse,9,,,1,1,9,
Anderson et al 2012,"Stratford, CT",Culex tarsalis,26,B,26,Hamster Blood,245000000,8.38916608436453,Mouse,9,,,1,1,9,
Anderson et al 2012,"Stratford, CT",Culex tarsalis,26,B,27,Hamster Blood,245000000,8.38916608436453,Mouse,11,,,0.911,0.911,10,
Anderson et al 2012,"Stratford, CT",Culex tarsalis,26,B,28,Hamster Blood,245000000,8.38916608436453,Mouse,12,,,1,1,12,
Anderson et al 2012,"Stratford, CT",Culex tarsalis,26,B,29,Hamster Blood,245000000,8.38916608436453,Mouse,11,,,1,1,11,
Anderson et al 2012,"Stratford, CT",Culex tarsalis,26,B,30,Hamster Blood,245000000,8.38916608436453,Mouse,13,,,0.921,0.921,12,
Anderson et al 2012,"Stratford, CT",Culex salinarius,26,B,6,Hamster Blood,245000000,8.38916608436453,Mouse,68,,,0.019,0.019,1,
Anderson et al 2012,"Stratford, CT",Culex salinarius,26,B,7,Hamster Blood,245000000,8.38916608436453,Mouse,54,,,0.019,0.019,1,
Anderson et al 2012,"Stratford, CT",Culex salinarius,26,B,8,Hamster Blood,245000000,8.38916608436453,Mouse,40,,,0.101,0.101,4,
Anderson et al 2012,"Stratford, CT",Culex salinarius,26,B,9,Hamster Blood,245000000,8.38916608436453,Mouse,32,,,0.06,0.06,2,
Anderson et al 2012,"Stratford, CT",Culex salinarius,26,B,10,Hamster Blood,245000000,8.38916608436453,Mouse,23,,,0.173,0.173,4,
Anderson et al 2012,"Stratford, CT",Culex salinarius,26,B,11,Hamster Blood,245000000,8.38916608436453,Mouse,17,,,0.472,0.472,8,
Anderson et al 2012,"Stratford, CT",Culex salinarius,26,B,12,Hamster Blood,245000000,8.38916608436453,Mouse,15,,,0.201,0.201,3,
Anderson et al 2012,"Stratford, CT",Culex salinarius,26,B,13,Hamster Blood,245000000,8.38916608436453,Mouse,91,,,0.761,0.761,70,
Anderson et al 2012,"Stratford, CT",Culex salinarius,26,B,14,Hamster Blood,245000000,8.38916608436453,Mouse,67,,,0.694,0.694,46,
Anderson et al 2012,"Stratford, CT",Culex salinarius,26,B,15,Hamster Blood,245000000,8.38916608436453,Mouse,12,,,0.75,0.75,9,
Anderson et al 2012,"Stratford, CT",Culex salinarius,26,B,16,Hamster Blood,245000000,8.38916608436453,Mouse,20,,,0.803,0.803,16,
Anderson et al 2012,"Stratford, CT",Culex salinarius,26,B,17,Hamster Blood,245000000,8.38916608436453,Mouse,21,,,0.761,0.761,16,
Anderson et al 2012,"Stratford, CT",Culex salinarius,26,B,18,Hamster Blood,245000000,8.38916608436453,Mouse,18,,,0.943,0.943,17,
Anderson et al 2012,"Stratford, CT",Culex salinarius,26,B,19,Hamster Blood,245000000,8.38916608436453,Mouse,16,,,0.884,0.884,14,
Anderson et al 2012,"Stratford, CT",Culex salinarius,26,B,20,Hamster Blood,245000000,8.38916608436453,Mouse,14,,,0.934,0.934,13,
Anderson et al 2012,"Stratford, CT",Culex salinarius,26,B,21,Hamster Blood,245000000,8.38916608436453,Mouse,52,,,0.96,0.96,50,
Anderson et al 2012,"Stratford, CT",Culex salinarius,26,B,22,Hamster Blood,245000000,8.38916608436453,Mouse,47,,,0.922,0.922,43,
Anderson et al 2012,"Stratford, CT",Culex salinarius,26,B,23,Hamster Blood,245000000,8.38916608436453,Mouse,21,,,0.95,0.95,20,
Anderson et al 2012,"Stratford, CT",Culex salinarius,26,B,24,Hamster Blood,245000000,8.38916608436453,Mouse,6,,,1,1,6,
Anderson et al 2012,"Stratford, CT",Culex salinarius,26,B,25,Hamster Blood,245000000,8.38916608436453,Mouse,,,,1,1,0,
Anderson et al 2012,"Stratford, CT",Culex salinarius,26,B,26,Hamster Blood,245000000,8.38916608436453,Mouse,3,,,,,,
Anderson et al 2012,"Stratford, CT",Culex salinarius,26,B,27,Hamster Blood,245000000,8.38916608436453,Mouse,11,,,0.911,0.911,10,
Anderson et al 2012,"Stratford, CT",Culex salinarius,26,B,28,Hamster Blood,245000000,8.38916608436453,Mouse,11,,,0.909,0.909,10,
Anderson et al 2012,"Stratford, CT",Culex salinarius,26,B,29,Hamster Blood,245000000,8.38916608436453,Mouse,31,,,0.873,0.873,27,
Anderson et al 2012,"Stratford, CT",Culex salinarius,26,B,30,Hamster Blood,245000000,8.38916608436453,Mouse,21,,,0.802,0.802,17,
Moudy et al 2007,Pennsylvania,Culex tarsalis,27,B,5,Goose Blood,10000000,7,Vero cells,181,0.29,52,0,0,0,
Moudy et al 2007,Pennsylvania,Culex tarsalis,27,B,7,Goose Blood,10000000,7,Vero cells,180,0.31,56,0,0,0,
Moudy et al 2007,Pennsylvania,Culex tarsalis,27,B,9,Goose Blood,10000000,7,Vero cells,170,0.25,43,0.02,0.08,14,
Moudy et al 2007,Pennsylvania,Culex tarsalis,27,B,14,Goose Blood,10000000,7,Vero cells,156,0.23,36,0.12,0.521739130434783,81,
Moudy et al 2007,Pennsylvania,Culex tarsalis,27,C,5,Goose Blood,10000000,7,Vero cells,200,0.41,82,0.02,0.0487804878048781,10,
Moudy et al 2007,Pennsylvania,Culex tarsalis,27,C,7,Goose Blood,10000000,7,Vero cells,189,0.44,83,0.04,0.0909090909090909,17,
Moudy et al 2007,Pennsylvania,Culex tarsalis,27,C,9,Goose Blood,10000000,7,Vero cells,184,0.54,99,0.09,0.166666666666667,31,
Moudy et al 2007,Pennsylvania,Culex tarsalis,27,C,14,Goose Blood,10000000,7,Vero cells,164,0.45,74,0.23,0.511111111111111,84,
Reisen et al 2006,"Kern County, CA",Culex tarsalis,14,B,5,White-Crowned Sparrow,3162277.66016838,6.5,Vero cells,20,,,,,,1.957
Reisen et al 2006,"Kern County, CA",Culex tarsalis,14,B,8,White-Crowned Sparrow,3162277.66016838,6.5,Vero cells,20,,,,,,2.108
Reisen et al 2006,"Kern County, CA",Culex tarsalis,14,B,13,White-Crowned Sparrow,3162277.66016838,6.5,Vero cells,20,,,,,,3.313
Reisen et al 2006,"Kern County, CA",Culex tarsalis,14,B,16,White-Crowned Sparrow,3162277.66016838,6.5,Vero cells,20,,,,,,3.691
Reisen et al 2006,"Kern County, CA",Culex tarsalis,14,B,19,White-Crowned Sparrow,3162277.66016838,6.5,Vero cells,20,,,,,,3.083
Reisen et al 2006,"Kern County, CA",Culex tarsalis,14,B,22,White-Crowned Sparrow,3162277.66016838,6.5,Vero cells,20,,,,,,3.787
Reisen et al 2006,"Kern County, CA",Culex tarsalis,14,B,26,White-Crowned Sparrow,3162277.66016838,6.5,Vero cells,20,,,,,,3.696
Reisen et al 2006,"Kern County, CA",Culex tarsalis,14,B,29,White-Crowned Sparrow,3162277.66016838,6.5,Vero cells,20,,,,,,4.529
Reisen et al 2006,"Kern County, CA",Culex tarsalis,14,B,33,White-Crowned Sparrow,3162277.66016838,6.5,Vero cells,20,,,,,,4.16
Reisen et al 2006,"Kern County, CA",Culex tarsalis,14,B,36,White-Crowned Sparrow,3162277.66016838,6.5,Vero cells,20,,,,,,4.056
Reisen et al 2006,"Kern County, CA",Culex tarsalis,18,B,5,White-Crowned Sparrow,3162277.66016838,6.5,Vero cells,20,,,,,,1.546
Reisen et al 2006,"Kern County, CA",Culex tarsalis,18,B,8,White-Crowned Sparrow,3162277.66016838,6.5,Vero cells,20,,,,,,2.927
Reisen et al 2006,"Kern County, CA",Culex tarsalis,18,B,13,White-Crowned Sparrow,3162277.66016838,6.5,Vero cells,20,,,,,,4.111
Reisen et al 2006,"Kern County, CA",Culex tarsalis,18,B,16,White-Crowned Sparrow,3162277.66016838,6.5,Vero cells,20,,,,,,4.129
Reisen et al 2006,"Kern County, CA",Culex tarsalis,18,B,19,White-Crowned Sparrow,3162277.66016838,6.5,Vero cells,20,,,,,,4.127
Reisen et al 2006,"Kern County, CA",Culex tarsalis,18,B,22,White-Crowned Sparrow,3162277.66016838,6.5,Vero cells,20,,,,,,4.273
Reisen et al 2006,"Kern County, CA",Culex tarsalis,18,B,26,White-Crowned Sparrow,3162277.66016838,6.5,Vero cells,20,,,,,,5.722
Reisen et al 2006,"Kern County, CA",Culex tarsalis,18,B,29,White-Crowned Sparrow,3162277.66016838,6.5,Vero cells,20,,,,,,5.786
Reisen et al 2006,"Kern County, CA",Culex tarsalis,18,B,33,White-Crowned Sparrow,3162277.66016838,6.5,Vero cells,20,,,,,,5.826
Reisen et al 2006,"Kern County, CA",Culex tarsalis,22,B,5,White-Crowned Sparrow,3162277.66016838,6.5,Vero cells,20,,,,,,2.65
Reisen et al 2006,"Kern County, CA",Culex tarsalis,22,B,7,White-Crowned Sparrow,3162277.66016838,6.5,Vero cells,20,,,,,,3.979
Reisen et al 2006,"Kern County, CA",Culex tarsalis,22,B,10,White-Crowned Sparrow,3162277.66016838,6.5,Vero cells,20,,,,,,4.574
Reisen et al 2006,"Kern County, CA",Culex tarsalis,22,B,12,White-Crowned Sparrow,3162277.66016838,6.5,Vero cells,20,,,,,,4.111
Reisen et al 2006,"Kern County, CA",Culex tarsalis,22,B,14,White-Crowned Sparrow,3162277.66016838,6.5,Vero cells,20,,,,,,4.966
Reisen et al 2006,"Kern County, CA",Culex tarsalis,22,B,17,White-Crowned Sparrow,3162277.66016838,6.5,Vero cells,20,,,,,,5.001
Reisen et al 2006,"Kern County, CA",Culex tarsalis,22,B,19,White-Crowned Sparrow,3162277.66016838,6.5,Vero cells,20,,,,,,5.827
Reisen et al 2006,"Kern County, CA",Culex tarsalis,26,B,3,White-Crowned Sparrow,3162277.66016838,6.5,Vero cells,20,,,,,,2.517
Reisen et al 2006,"Kern County, CA",Culex tarsalis,26,B,5,White-Crowned Sparrow,3162277.66016838,6.5,Vero cells,20,,,,,,5.344
Reisen et al 2006,"Kern County, CA",Culex tarsalis,26,B,7,White-Crowned Sparrow,3162277.66016838,6.5,Vero cells,20,,,,,,4.884
Reisen et al 2006,"Kern County, CA",Culex tarsalis,26,B,9,White-Crowned Sparrow,3162277.66016838,6.5,Vero cells,20,,,,,,5.105
Reisen et al 2006,"Kern County, CA",Culex tarsalis,26,B,12,White-Crowned Sparrow,3162277.66016838,6.5,Vero cells,20,,,,,,5.85
Reisen et al 2006,"Kern County, CA",Culex tarsalis,26,B,14,White-Crowned Sparrow,3162277.66016838,6.5,Vero cells,20,,,,,,5.103
Reisen et al 2006,"Kern County, CA",Culex tarsalis,26,B,16,White-Crowned Sparrow,3162277.66016838,6.5,Vero cells,20,,,,,,5.445
Reisen et al 2006,"Kern County, CA",Culex tarsalis,30,B,2,White-Crowned Sparrow,3162277.66016838,6.5,Vero cells,20,,,,,,2.323
Reisen et al 2006,"Kern County, CA",Culex tarsalis,30,B,3,White-Crowned Sparrow,3162277.66016838,6.5,Vero cells,20,,,,,,5.211
Reisen et al 2006,"Kern County, CA",Culex tarsalis,30,B,5,White-Crowned Sparrow,3162277.66016838,6.5,Vero cells,20,,,,,,5.719
Reisen et al 2006,"Kern County, CA",Culex tarsalis,30,B,7,White-Crowned Sparrow,3162277.66016838,6.5,Vero cells,20,,,,,,6.094
Reisen et al 2006,"Kern County, CA",Culex tarsalis,30,B,9,White-Crowned Sparrow,3162277.66016838,6.5,Vero cells,20,,,,,,6.34
Reisen et al 2006,"Kern County, CA",Culex tarsalis,30,B,12,White-Crowned Sparrow,3162277.66016838,6.5,Vero cells,20,,,,,,5.461
Moudy et al. 2009,"Coachella Valley, CA",Culex pipiens,27,B,5,Goose Blood,3000000000,9.47712125471966,Vero cells,80,0.71,57,0,0,0,
Moudy et al. 2009,"Coachella Valley, CA",Culex pipiens,27,B,7,Goose Blood,3000000000,9.47712125471966,Vero cells,77,0.83,64,0,0,0,
Moudy et al. 2009,"Coachella Valley, CA",Culex pipiens,27,B,9,Goose Blood,3000000000,9.47712125471966,Vero cells,77,0.79,61,0.05,0.05,4,
Moudy et al. 2009,"Coachella Valley, CA",Culex pipiens,27,B,14,Goose Blood,3000000000,9.47712125471966,Vero cells,67,0.49,33,0.12,0.12,8,
Moudy et al. 2009,"Coachella Valley, CA",Culex tarsalis,27,B,5,Goose Blood,3000000000,9.47712125471966,Vero cells,150,0.25,38,0,0,0,
Moudy et al. 2009,"Coachella Valley, CA",Culex tarsalis,27,B,7,Goose Blood,3000000000,9.47712125471966,Vero cells,150,0.31,47,0.09,0.09,14,
Moudy et al. 2009,"Coachella Valley, CA",Culex tarsalis,27,B,9,Goose Blood,3000000000,9.47712125471966,Vero cells,130,0.22,29,0.14,0.14,18,
Moudy et al. 2009,"Coachella Valley, CA",Culex tarsalis,27,B,14,Goose Blood,3000000000,9.47712125471966,Vero cells,98,0.21,21,0.52,0.52,51,
Kilpatrick et al 2008,Pennsylvania,Culex pipiens,18,B,4,Goose Blood,130000000,8.11394335230684,Vero cells,25,0.682,17,0,0,0,
Kilpatrick et al 2008,Pennsylvania,Culex pipiens,18,B,7,Goose Blood,130000000,8.11394335230684,Vero cells,25,0.122,3,0.001,0.00819672131147541,0,
Kilpatrick et al 2008,Pennsylvania,Culex pipiens,18,B,10,Goose Blood,130000000,8.11394335230684,Vero cells,25,0.082,2,0.04,0.48780487804878,12,
Kilpatrick et al 2008,Pennsylvania,Culex pipiens,18,B,14,Goose Blood,130000000,8.11394335230684,Vero cells,25,0.161,4,0.001,0.0062111801242236,0,
Kilpatrick et al 2008,Pennsylvania,Culex pipiens,18,B,18,Goose Blood,130000000,8.11394335230684,Vero cells,25,0.122,3,0.001,0.00819672131147541,0,
Kilpatrick et al 2008,Pennsylvania,Culex pipiens,18,B,21,Goose Blood,130000000,8.11394335230684,Vero cells,25,0.163,4,0.001,0.00613496932515337,0,
Kilpatrick et al 2008,Pennsylvania,Culex pipiens,18,B,24,Goose Blood,130000000,8.11394335230684,Vero cells,25,0.163,4,0.001,0.00613496932515337,0,
Kilpatrick et al 2008,Pennsylvania,Culex pipiens,18,B,28,Goose Blood,130000000,8.11394335230684,Vero cells,25,0.241,6,0.001,0.004149377593361,0,
Kilpatrick et al 2008,Pennsylvania,Culex pipiens,18,B,31,Goose Blood,130000000,8.11394335230684,Vero cells,25,0.281,7,0.041,0.145907473309609,4,
Kilpatrick et al 2008,Pennsylvania,Culex pipiens,18,B,34,Goose Blood,130000000,8.11394335230684,Vero cells,25,0.24,6,0.002,0.00833333333333333,0,
Kilpatrick et al 2008,Pennsylvania,Culex pipiens,18,B,40,Goose Blood,130000000,8.11394335230684,Vero cells,25,0.202,5,0.001,0.00495049504950495,0,
Kilpatrick et al 2008,Pennsylvania,Culex pipiens,18,C,4,Goose Blood,130000000,8.11394335230684,Vero cells,25,0.48,12,0,0,0,
Kilpatrick et al 2008,Pennsylvania,Culex pipiens,18,C,7,Goose Blood,130000000,8.11394335230684,Vero cells,25,0.042,1,0,0,0,
Kilpatrick et al 2008,Pennsylvania,Culex pipiens,18,C,10,Goose Blood,130000000,8.11394335230684,Vero cells,25,0.124,3,0.039,0.314516129032258,8,
Kilpatrick et al 2008,Pennsylvania,Culex pipiens,18,C,14,Goose Blood,130000000,8.11394335230684,Vero cells,25,0.043,1,0.001,0.0232558139534884,1,
Kilpatrick et al 2008,Pennsylvania,Culex pipiens,18,C,18,Goose Blood,130000000,8.11394335230684,Vero cells,25,0.164,4,0.041,0.25,6,
Kilpatrick et al 2008,Pennsylvania,Culex pipiens,18,C,21,Goose Blood,130000000,8.11394335230684,Vero cells,25,0.361,9,0,0,0,
Kilpatrick et al 2008,Pennsylvania,Culex pipiens,18,C,24,Goose Blood,130000000,8.11394335230684,Vero cells,25,0.399,10,0.042,0.105263157894737,3,
Kilpatrick et al 2008,Pennsylvania,Culex pipiens,18,C,28,Goose Blood,130000000,8.11394335230684,Vero cells,25,0.722,18,0.08,0.110803324099723,3,
Kilpatrick et al 2008,Pennsylvania,Culex pipiens,18,C,31,Goose Blood,130000000,8.11394335230684,Vero cells,25,0.241,6,0.08,0.33195020746888,8,
Kilpatrick et al 2008,Pennsylvania,Culex pipiens,18,C,34,Goose Blood,130000000,8.11394335230684,Vero cells,25,0.442,11,0.002,0.00452488687782805,0,
Kilpatrick et al 2008,Pennsylvania,Culex pipiens,18,C,40,Goose Blood,130000000,8.11394335230684,Vero cells,25,0.324,8,0.04,0.123456790123457,3,
Kilpatrick et al 2008,Pennsylvania,Culex pipiens,15,B,4,Goose Blood,130000000,8.11394335230684,Vero cells,25,0.2,5,0,0,0,
Kilpatrick et al 2008,Pennsylvania,Culex pipiens,15,B,7,Goose Blood,130000000,8.11394335230684,Vero cells,25,0.358,9,0.001,0.00279329608938547,0,
Kilpatrick et al 2008,Pennsylvania,Culex pipiens,15,B,10,Goose Blood,130000000,8.11394335230684,Vero cells,25,0.2,5,0.001,0.005,0,
Kilpatrick et al 2008,Pennsylvania,Culex pipiens,15,B,14,Goose Blood,130000000,8.11394335230684,Vero cells,25,0.281,7,0.001,0.00355871886120996,0,
Kilpatrick et al 2008,Pennsylvania,Culex pipiens,15,B,18,Goose Blood,130000000,8.11394335230684,Vero cells,25,0.48,12,0.002,0.00416666666666667,0,
Kilpatrick et al 2008,Pennsylvania,Culex pipiens,15,B,21,Goose Blood,130000000,8.11394335230684,Vero cells,25,0.521,13,0.002,0.00383877159309021,0,
Kilpatrick et al 2008,Pennsylvania,Culex pipiens,15,B,24,Goose Blood,130000000,8.11394335230684,Vero cells,25,0.442,11,0.002,0.00452488687782805,0,
Kilpatrick et al 2008,Pennsylvania,Culex pipiens,15,B,28,Goose Blood,130000000,8.11394335230684,Vero cells,25,0.399,10,0.041,0.102756892230576,3,
Kilpatrick et al 2008,Pennsylvania,Culex pipiens,15,B,31,Goose Blood,130000000,8.11394335230684,Vero cells,25,0.559,14,0.002,0.0035778175313059,0,
Kilpatrick et al 2008,Pennsylvania,Culex pipiens,15,B,34,Goose Blood,130000000,8.11394335230684,Vero cells,25,0.442,11,0.002,0.00452488687782805,0,
Kilpatrick et al 2008,Pennsylvania,Culex pipiens,15,B,40,Goose Blood,130000000,8.11394335230684,Vero cells,25,0.637,16,0.001,0.00156985871271586,0,
Kilpatrick et al 2008,Pennsylvania,Culex pipiens,15,C,4,Goose Blood,130000000,8.11394335230684,Vero cells,25,0.041,1,0.001,0.024390243902439,1,
Kilpatrick et al 2008,Pennsylvania,Culex pipiens,15,C,7,Goose Blood,130000000,8.11394335230684,Vero cells,25,0.16,4,0,0,0,
Kilpatrick et al 2008,Pennsylvania,Culex pipiens,15,C,10,Goose Blood,130000000,8.11394335230684,Vero cells,25,0.356,9,0,0,0,
Kilpatrick et al 2008,Pennsylvania,Culex pipiens,15,C,14,Goose Blood,130000000,8.11394335230684,Vero cells,25,0.321,8,0,0,0,
Kilpatrick et al 2008,Pennsylvania,Culex pipiens,15,C,18,Goose Blood,130000000,8.11394335230684,Vero cells,25,0.598,15,0.002,0.00334448160535117,0,
Kilpatrick et al 2008,Pennsylvania,Culex pipiens,15,C,21,Goose Blood,130000000,8.11394335230684,Vero cells,25,0.717,18,0.001,0.00139470013947001,0,
Kilpatrick et al 2008,Pennsylvania,Culex pipiens,15,C,24,Goose Blood,130000000,8.11394335230684,Vero cells,25,0.598,15,0.042,0.0702341137123746,2,
Kilpatrick et al 2008,Pennsylvania,Culex pipiens,15,C,28,Goose Blood,130000000,8.11394335230684,Vero cells,25,0.638,16,0.08,0.125391849529781,3,
Kilpatrick et al 2008,Pennsylvania,Culex pipiens,15,C,31,Goose Blood,130000000,8.11394335230684,Vero cells,25,0.72,18,0.079,0.109722222222222,3,
Kilpatrick et al 2008,Pennsylvania,Culex pipiens,15,C,34,Goose Blood,130000000,8.11394335230684,Vero cells,25,0.558,14,0,0,0,
Kilpatrick et al 2008,Pennsylvania,Culex pipiens,15,C,40,Goose Blood,130000000,8.11394335230684,Vero cells,25,0.638,16,0,0,0,
Gould et al 1962,Malaya,Culex gelidus,27,B,4,Chicken Blood,31.6227766016838,1.5,Chicken,,,,,,,
Gould et al 1962,Malaya,Culex gelidus,27,B,8,Chicken Blood,31.6227766016838,1.5,Chicken,,,,,,,
Gould et al 1962,Malaya,Culex gelidus,27,B,13,Chicken Blood,31.6227766016838,1.5,Chicken,5,,,0,0,0,
Gould et al 1962,Malaya,Culex gelidus,27,B,18,Chicken Blood,31.6227766016838,1.5,Chicken,8,,,0.125,0.125,1,
Gould et al 1962,Malaya,Culex gelidus,27,B,21,Chicken Blood,31.6227766016838,1.5,Chicken,,,,,,,
Gould et al 1962,Malaya,Culex gelidus,27,B,4,Chicken Blood,89.1250938133745,1.95,Chicken,,,,,,,
Gould et al 1962,Malaya,Culex gelidus,27,B,8,Chicken Blood,89.1250938133745,1.95,Chicken,15,,,0,0,0,
Gould et al 1962,Malaya,Culex gelidus,27,B,13,Chicken Blood,89.1250938133745,1.95,Chicken,24,,,0.333333333333333,0.333333333333333,8,
Gould et al 1962,Malaya,Culex gelidus,27,B,18,Chicken Blood,89.1250938133745,1.95,Chicken,10,,,0.3,0.3,3,
Gould et al 1962,Malaya,Culex gelidus,27,B,21,Chicken Blood,89.1250938133745,1.95,Chicken,24,,,0.208333333333333,0.208333333333333,5,
Gould et al 1962,Malaya,Culex gelidus,27,B,4,Chicken Blood,891.250938133746,2.95,Chicken,,,,,,,
Gould et al 1962,Malaya,Culex gelidus,27,B,8,Chicken Blood,891.250938133746,2.95,Chicken,10,,,0,0,0,
Gould et al 1962,Malaya,Culex gelidus,27,B,13,Chicken Blood,891.250938133746,2.95,Chicken,16,,,0.5,0.5,8,
Gould et al 1962,Malaya,Culex gelidus,27,B,18,Chicken Blood,891.250938133746,2.95,Chicken,8,,,0.875,0.875,7,
Gould et al 1962,Malaya,Culex gelidus,27,B,21,Chicken Blood,891.250938133746,2.95,Chicken,4,,,1,1,4,
Gould et al 1962,Malaya,Culex gelidus,27,B,4,Chicken Blood,14125.3754462276,4.15,Chicken,15,,,0,0,0,
Gould et al 1962,Malaya,Culex gelidus,27,B,8,Chicken Blood,14125.3754462276,4.15,Chicken,36,,,0.472222222222222,0.472222222222222,17,
Gould et al 1962,Malaya,Culex gelidus,27,B,13,Chicken Blood,14125.3754462276,4.15,Chicken,43,,,0.604651162790698,0.604651162790698,26,
Gould et al 1962,Malaya,Culex gelidus,27,B,18,Chicken Blood,14125.3754462276,4.15,Chicken,20,,,0.9,0.9,18,
Gould et al 1962,Malaya,Culex gelidus,27,B,21,Chicken Blood,14125.3754462276,4.15,Chicken,27,,,0.703703703703704,0.703703703703704,19,
Gould et al 1962,Malaya,Culex gelidus,27,C,4,Chicken Blood,31.6227766016838,1.5,Chicken,,,,,,,
Gould et al 1962,Malaya,Culex gelidus,27,C,8,Chicken Blood,31.6227766016838,1.5,Chicken,,,,,,,
Gould et al 1962,Malaya,Culex gelidus,27,C,13,Chicken Blood,31.6227766016838,1.5,Chicken,5,,,0,0,0,
Gould et al 1962,Malaya,Culex gelidus,27,C,18,Chicken Blood,31.6227766016838,1.5,Chicken,8,,,0.125,0.125,1,
Gould et al 1962,Malaya,Culex gelidus,27,C,21,Chicken Blood,31.6227766016838,1.5,Chicken,,,,,,,
Gould et al 1962,Malaya,Culex gelidus,27,C,4,Chicken Blood,89.1250938133745,1.95,Chicken,,,,,,,
Gould et al 1962,Malaya,Culex gelidus,27,C,8,Chicken Blood,89.1250938133745,1.95,Chicken,15,,,0,0,0,
Gould et al 1962,Malaya,Culex gelidus,27,C,13,Chicken Blood,89.1250938133745,1.95,Chicken,24,,,0.333333333333333,0.333333333333333,8,
Gould et al 1962,Malaya,Culex gelidus,27,C,18,Chicken Blood,89.1250938133745,1.95,Chicken,10,,,0.3,0.3,3,
Gould et al 1962,Malaya,Culex gelidus,27,C,21,Chicken Blood,89.1250938133745,1.95,Chicken,24,,,0.208333333333333,0.208333333333333,5,
Gould et al 1962,Malaya,Culex gelidus,27,C,4,Chicken Blood,891.250938133746,2.95,Chicken,,,,,,,
Gould et al 1962,Malaya,Culex gelidus,27,C,8,Chicken Blood,891.250938133746,2.95,Chicken,10,,,0,0,0,
Gould et al 1962,Malaya,Culex gelidus,27,C,13,Chicken Blood,891.250938133746,2.95,Chicken,16,,,0.5,0.5,8,
Gould et al 1962,Malaya,Culex gelidus,27,C,18,Chicken Blood,891.250938133746,2.95,Chicken,8,,,0.875,0.875,7,
Gould et al 1962,Malaya,Culex gelidus,27,C,21,Chicken Blood,891.250938133746,2.95,Chicken,4,,,1,1,4,
Gould et al 1962,Malaya,Culex gelidus,27,C,4,Chicken Blood,14125.3754462276,4.15,Chicken,15,,,0,0,0,
Gould et al 1962,Malaya,Culex gelidus,27,C,8,Chicken Blood,14125.3754462276,4.15,Chicken,36,,,0.472222222222222,0.472222222222222,17,
Gould et al 1962,Malaya,Culex gelidus,27,C,13,Chicken Blood,14125.3754462276,4.15,Chicken,43,,,0.604651162790698,0.604651162790698,26,
Gould et al 1962,Malaya,Culex gelidus,27,C,18,Chicken Blood,14125.3754462276,4.15,Chicken,20,,,0.9,0.9,18,
Gould et al 1962,Malaya,Culex gelidus,27,C,21,Chicken Blood,14125.3754462276,4.15,Chicken,27,,,0.703703703703704,0.703703703703704,19,
Mackenzie Impoinvil et al 2014,Brazil,Culex quinquefasciatus,23,B,1,Horse Blood,10000,4,Vero cells,6,,,,,,
Mackenzie Impoinvil et al 2014,Brazil,Culex quinquefasciatus,23,B,3,Horse Blood,10000,4,Vero cells,3,,,,,,
Mackenzie Impoinvil et al 2014,Brazil,Culex quinquefasciatus,23,B,7,Horse Blood,10000,4,Vero cells,6,,,0.17,0.17,1,
Mackenzie Impoinvil et al 2014,Brazil,Culex quinquefasciatus,23,B,14,Horse Blood,10000,4,Vero cells,20,,,0.03,0.03,1,
Mackenzie Impoinvil et al 2014,Brazil,Culex quinquefasciatus,23,B,21,Horse Blood,10000,4,Vero cells,7,,,0.5,0.5,4,
Mackenzie Impoinvil et al 2014,Brazil,Culex quinquefasciatus,23,C,1,Horse Blood,10000,4,Vero cells,6,,,,,,
Mackenzie Impoinvil et al 2014,Brazil,Culex quinquefasciatus,23,C,3,Horse Blood,10000,4,Vero cells,3,,,,,,
Mackenzie Impoinvil et al 2014,Brazil,Culex quinquefasciatus,23,C,7,Horse Blood,10000,4,Vero cells,6,,,0.17,0.17,1,
Mackenzie Impoinvil et al 2014,Brazil,Culex quinquefasciatus,23,C,14,Horse Blood,10000,4,Vero cells,20,,,0.03,0.03,1,
Mackenzie Impoinvil et al 2014,Brazil,Culex quinquefasciatus,23,C,21,Horse Blood,10000,4,Vero cells,7,,,0.5,0.5,4,
Mackenzie Impoinvil et al 2014,Brazil,Culex quinquefasciatus,28,B,1,Horse Blood,10000,4,Vero cells,3,,,0.15,0.15,1,
Mackenzie Impoinvil et al 2014,Brazil,Culex quinquefasciatus,28,B,3,Horse Blood,10000,4,Vero cells,0,,,,,,
Mackenzie Impoinvil et al 2014,Brazil,Culex quinquefasciatus,28,B,7,Horse Blood,10000,4,Vero cells,4,,,,,,
Mackenzie Impoinvil et al 2014,Brazil,Culex quinquefasciatus,28,B,14,Horse Blood,10000,4,Vero cells,8,,,0.17,0.17,1,
Mackenzie Impoinvil et al 2014,Brazil,Culex quinquefasciatus,28,B,21,Horse Blood,10000,4,Vero cells,7,,,0.7,0.7,5,
Mackenzie Impoinvil et al 2014,Brazil,Culex quinquefasciatus,28,C,1,Horse Blood,10000,4,Vero cells,3,,,0.15,0.15,1,
Mackenzie Impoinvil et al 2014,Brazil,Culex quinquefasciatus,28,C,3,Horse Blood,10000,4,Vero cells,0,,,,,,
Mackenzie Impoinvil et al 2014,Brazil,Culex quinquefasciatus,28,C,7,Horse Blood,10000,4,Vero cells,4,,,,,,
Mackenzie Impoinvil et al 2014,Brazil,Culex quinquefasciatus,28,C,14,Horse Blood,10000,4,Vero cells,8,,,0.17,0.17,1,
Mackenzie Impoinvil et al 2014,Brazil,Culex quinquefasciatus,28,C,21,Horse Blood,10000,4,Vero cells,7,,,0.7,0.7,5,
Muangman et al. 1972,Chiengmai,Culex fuscocephala,26,B,10,Chicken,2600,3.41497334797082,Chicken,10,,,0.1,0.1,1,
Muangman et al. 1972,Chiengmai,Culex fuscocephala,26,B,11,Chicken,2600,3.41497334797082,Chicken,10,,,0.2,0.2,2,
Muangman et al. 1972,Chiengmai,Culex fuscocephala,26,B,19,Chicken,2600,3.41497334797082,Chicken,10,,,0.2,0.2,2,
Muangman et al. 1972,Chiengmai,Culex fuscocephala,26,B,27,Chicken,2600,3.41497334797082,Chicken,8,,,0.12,0.12,1,
Muangman et al. 1972,Chiengmai,Culex fuscocephala,26,C,10,Chicken,2600,3.41497334797082,Chicken,10,,,0.1,0.1,1,
Muangman et al. 1972,Chiengmai,Culex fuscocephala,26,C,11,Chicken,2600,3.41497334797082,Chicken,10,,,0.2,0.2,2,
Muangman et al. 1972,Chiengmai,Culex fuscocephala,26,C,19,Chicken,2600,3.41497334797082,Chicken,10,,,0.2,0.2,2,
Muangman et al. 1972,Chiengmai,Culex fuscocephala,26,C,27,Chicken,2600,3.41497334797082,Chicken,8,,,0.12,0.12,1,
Muangman et al. 1972,Chiengmai,Culex tritaeniorhynchus,26,B,10,Chicken,2600,3.41497334797082,Chicken,10,,,0,0,0,
Muangman et al. 1972,Chiengmai,Culex tritaeniorhynchus,26,B,11,Chicken,2600,3.41497334797082,Chicken,10,,,0.1,0.1,1,
Muangman et al. 1972,Chiengmai,Culex tritaeniorhynchus,26,B,19,Chicken,2600,3.41497334797082,Chicken,10,,,0.4,0.4,4,
Muangman et al. 1972,Chiengmai,Culex tritaeniorhynchus,26,B,27,Chicken,2600,3.41497334797082,Chicken,10,,,0.2,0.2,2,
Muangman et al. 1972,Chiengmai,Culex tritaeniorhynchus,26,C,10,Chicken,2600,3.41497334797082,Chicken,10,,,0,0,0,
Muangman et al. 1972,Chiengmai,Culex tritaeniorhynchus,26,C,11,Chicken,2600,3.41497334797082,Chicken,10,,,0.1,0.1,1,
Muangman et al. 1972,Chiengmai,Culex tritaeniorhynchus,26,C,19,Chicken,2600,3.41497334797082,Chicken,10,,,0.4,0.4,4,
Muangman et al. 1972,Chiengmai,Culex tritaeniorhynchus,26,C,27,Chicken,2600,3.41497334797082,Chicken,10,,,0.2,0.2,2,
Van Den Hurk et al 2003,Queensland,Culex annulirostris,28,B,5,Mouse Blood,31622.7766016838,4.5,Mouse,,,,,,,
Van Den Hurk et al 2003,Queensland,Culex annulirostris,28,B,7,Mouse Blood,31622.7766016838,4.5,Mouse,17,,,0.24,0.24,4,
Van Den Hurk et al 2003,Queensland,Culex annulirostris,28,B,10,Mouse Blood,31622.7766016838,4.5,Mouse,14,,,0.57,0.57,8,
Van Den Hurk et al 2003,Queensland,Culex annulirostris,28,B,14,Mouse Blood,31622.7766016838,4.5,Mouse,16,,,0.81,0.81,13,
Van Den Hurk et al 2003,Queensland,Culex annulirostris,28,C,5,Mouse Blood,31622.7766016838,4.5,Mouse,,,,,,,
Van Den Hurk et al 2003,Queensland,Culex annulirostris,28,C,7,Mouse Blood,31622.7766016838,4.5,Mouse,17,,,0.24,0.24,4,
Van Den Hurk et al 2003,Queensland,Culex annulirostris,28,C,10,Mouse Blood,31622.7766016838,4.5,Mouse,14,,,0.57,0.57,8,
Van Den Hurk et al 2003,Queensland,Culex annulirostris,28,C,14,Mouse Blood,31622.7766016838,4.5,Mouse,16,,,0.81,0.81,13,
Van Den Hurk et al 2003,Queensland,Culex sitiens,28,B,5,Mouse Blood,31622.7766016838,4.5,Mouse,,,,,,,
Van Den Hurk et al 2003,Queensland,Culex sitiens,28,B,7,Mouse Blood,31622.7766016838,4.5,Mouse,15,,,0.13,0.13,2,
Van Den Hurk et al 2003,Queensland,Culex sitiens,28,B,10,Mouse Blood,31622.7766016838,4.5,Mouse,15,,,0.07,0.07,1,
Van Den Hurk et al 2003,Queensland,Culex sitiens,28,B,14,Mouse Blood,31622.7766016838,4.5,Mouse,15,,,0.67,0.67,10,
Van Den Hurk et al 2003,Queensland,Culex sitiens,28,C,5,Mouse Blood,31622.7766016838,4.5,Mouse,,,,,,,
Van Den Hurk et al 2003,Queensland,Culex sitiens,28,C,7,Mouse Blood,31622.7766016838,4.5,Mouse,15,,,0.13,0.13,2,
Van Den Hurk et al 2003,Queensland,Culex sitiens,28,C,10,Mouse Blood,31622.7766016838,4.5,Mouse,15,,,0.07,0.07,1,
Van Den Hurk et al 2003,Queensland,Culex sitiens,28,C,14,Mouse Blood,31622.7766016838,4.5,Mouse,15,,,0.67,0.67,10,